1	GCF_002447375.1_ASM244737v1_genomic.fna.gz	NZ_CP023598.1:3119119-3120474	mycobacteria	215
2	GCF_002447375.1_ASM244737v1_genomic.fna.gz	NZ_CP023598.1:3121797-3123502	mycobacteria	215
3	GCF_002447375.1_ASM244737v1_genomic.fna.gz	NZ_CP023598.1:3948026-3948724	mycobacteria	215
1	GCF_002447955.1_ASM244795v1_genomic.fna.gz	NZ_CP023627.1:3118911-3120266	mycobacteria	215
2	GCF_002447955.1_ASM244795v1_genomic.fna.gz	NZ_CP023627.1:3121589-3123294	mycobacteria	215
4	GCF_002447955.1_ASM244795v1_genomic.fna.gz	NZ_CP023627.1:3947602-3949118	mycobacteria	215
1	GCF_002447035.1_ASM244703v1_genomic.fna.gz	NZ_CP023581.1:3119065-3120420	mycobacteria	802
5	GCF_002447035.1_ASM244703v1_genomic.fna.gz	NZ_CP023581.1:3121743-3123448	mycobacteria	802
6	GCF_002447035.1_ASM244703v1_genomic.fna.gz	NZ_CP023581.1:3947959-3949281	mycobacteria	802
7	GCF_002887145.1_ASM288714v1_genomic.fna.gz	NZ_CP025599.1:3119155-3120511	mycobacteria	215
2	GCF_002887145.1_ASM288714v1_genomic.fna.gz	NZ_CP025599.1:3121834-3123539	mycobacteria	215
8	GCF_002887145.1_ASM288714v1_genomic.fna.gz	NZ_CP025599.1:3740641-3741183	mycobacteria	215
9	GCF_002887145.1_ASM288714v1_genomic.fna.gz	NZ_CP025599.1:3948097-3948795	mycobacteria	215
10	GCF_001922485.1_ASM192248v1_genomic.fna.gz	NZ_CP018778.1:3119187-3120542	mycobacteria	319
11	GCF_001922485.1_ASM192248v1_genomic.fna.gz	NZ_CP018778.1:3121865-3123564	mycobacteria	319
6	GCF_001922485.1_ASM192248v1_genomic.fna.gz	NZ_CP018778.1:3948112-3949434	mycobacteria	319
12	GCF_001895845.1_ASM189584v1_genomic.fna.gz	NZ_CP018300.1:3103397-3104752	mycobacteria	419
13	GCF_001895845.1_ASM189584v1_genomic.fna.gz	NZ_CP018300.1:3106117-3107684	mycobacteria	419
14	GCF_001895845.1_ASM189584v1_genomic.fna.gz	NZ_CP018300.1:3724835-3725683	mycobacteria	419
15	GCF_000572175.1_ASM57217v1_genomic.fna.gz	NZ_CP002883.1:3107568-3108716	mycobacteria	276
16	GCF_000572175.1_ASM57217v1_genomic.fna.gz	NZ_CP002883.1:3730822-3731502	mycobacteria	276
1	GCF_002447135.1_ASM244713v1_genomic.fna.gz	NZ_CP023586.1:3118856-3120211	mycobacteria	215
2	GCF_002447135.1_ASM244713v1_genomic.fna.gz	NZ_CP023586.1:3121534-3123239	mycobacteria	215
17	GCF_002447135.1_ASM244713v1_genomic.fna.gz	NZ_CP023586.1:3947759-3949727	mycobacteria	215
1	GCF_002447855.1_ASM244785v1_genomic.fna.gz	NZ_CP023622.1:3118973-3120328	mycobacteria	279
18	GCF_002447855.1_ASM244785v1_genomic.fna.gz	NZ_CP023622.1:3121651-3123356	mycobacteria	279
19	GCF_002447855.1_ASM244785v1_genomic.fna.gz	NZ_CP023622.1:3948141-3949776	mycobacteria	279
20	GCF_009730215.1_ASM973021v1_genomic.fna.gz	NZ_CP046308.1:1792732-1794324	mycobacteria	215
21	GCF_009730215.1_ASM973021v1_genomic.fna.gz	NZ_CP046308.1:1795709-1797640	mycobacteria	215
22	GCF_009730215.1_ASM973021v1_genomic.fna.gz	NZ_CP046308.1:2415235-2416999	mycobacteria	215
23	GCF_009730215.1_ASM973021v1_genomic.fna.gz	NZ_CP046308.1:2626990-2628044	mycobacteria	215
1	GCF_002447275.1_ASM244727v1_genomic.fna.gz	NZ_CP023593.1:3119119-3120474	mycobacteria	276
2	GCF_002447275.1_ASM244727v1_genomic.fna.gz	NZ_CP023593.1:3121797-3123502	mycobacteria	276
24	GCF_002447275.1_ASM244727v1_genomic.fna.gz	NZ_CP023593.1:3948238-3949873	mycobacteria	276
1	GCF_002447075.1_ASM244707v1_genomic.fna.gz	NZ_CP023583.1:3118991-3120346	mycobacteria	215
2	GCF_002447075.1_ASM244707v1_genomic.fna.gz	NZ_CP023583.1:3121669-3123374	mycobacteria	215
8	GCF_002447075.1_ASM244707v1_genomic.fna.gz	NZ_CP023583.1:3740470-3741012	mycobacteria	215
25	GCF_002447075.1_ASM244707v1_genomic.fna.gz	NZ_CP023583.1:3948139-3949774	mycobacteria	215
15	GCF_001275565.2_ASM127556v2_genomic.fna.gz	NZ_CP012506.2:3114253-3115401	mycobacteria	276
26	GCF_001275565.2_ASM127556v2_genomic.fna.gz	NZ_CP012506.2:3739928-3740505	mycobacteria	276
1	GCF_002447335.1_ASM244733v1_genomic.fna.gz	NZ_CP023596.1:3119090-3120445	mycobacteria	215
2	GCF_002447335.1_ASM244733v1_genomic.fna.gz	NZ_CP023596.1:3121768-3123473	mycobacteria	215
19	GCF_002447335.1_ASM244733v1_genomic.fna.gz	NZ_CP023596.1:3948170-3949805	mycobacteria	215
1	GCF_002447915.1_ASM244791v1_genomic.fna.gz	NZ_CP023625.1:3119126-3120481	mycobacteria	215
2	GCF_002447915.1_ASM244791v1_genomic.fna.gz	NZ_CP023625.1:3121804-3123509	mycobacteria	215
8	GCF_002447915.1_ASM244791v1_genomic.fna.gz	NZ_CP023625.1:3740574-3741116	mycobacteria	215
6	GCF_002447915.1_ASM244791v1_genomic.fna.gz	NZ_CP023625.1:3948042-3949364	mycobacteria	215
15	GCF_001855255.1_ASM185525v1_genomic.fna.gz	NZ_CP013475.1:3101092-3102240	mycobacteria	215
27	GCF_001855255.1_ASM185525v1_genomic.fna.gz	NZ_CP013475.1:3938868-3939964	mycobacteria	215
1	GCF_002886505.1_ASM288650v1_genomic.fna.gz	NZ_CP025605.1:3119130-3120485	mycobacteria	215
28	GCF_002886505.1_ASM288650v1_genomic.fna.gz	NZ_CP025605.1:3121884-3123517	mycobacteria	215
8	GCF_002886505.1_ASM288650v1_genomic.fna.gz	NZ_CP025605.1:3740626-3741168	mycobacteria	215
29	GCF_002886505.1_ASM288650v1_genomic.fna.gz	NZ_CP025605.1:3948243-3949878	mycobacteria	215
30	GCF_001483905.1_ASM148390v1_genomic.fna.gz	NZ_CP013741.1:3065705-3066990	mycobacteria	268
31	GCF_001483905.1_ASM148390v1_genomic.fna.gz	NZ_CP013741.1:3068384-3070545	mycobacteria	268
32	GCF_001483905.1_ASM148390v1_genomic.fna.gz	NZ_CP013741.1:3926106-3926735	mycobacteria	268
33	GCF_001895805.1_ASM189580v1_genomic.fna.gz	NZ_CP018302.1:3103326-3104535	mycobacteria	215
34	GCF_001895805.1_ASM189580v1_genomic.fna.gz	NZ_CP018302.1:3105934-3107493	mycobacteria	215
35	GCF_001895805.1_ASM189580v1_genomic.fna.gz	NZ_CP018302.1:3903388-3904551	mycobacteria	215
1	GCF_002886405.1_ASM288640v1_genomic.fna.gz	NZ_CP025604.1:3119079-3120434	mycobacteria	277
36	GCF_002886405.1_ASM288640v1_genomic.fna.gz	NZ_CP025604.1:3121757-3123464	mycobacteria	277
37	GCF_002886405.1_ASM288640v1_genomic.fna.gz	NZ_CP025604.1:3740591-3741361	mycobacteria	277
38	GCF_002886405.1_ASM288640v1_genomic.fna.gz	NZ_CP025604.1:3948018-3949940	mycobacteria	277
1	GCF_002447815.1_ASM244781v1_genomic.fna.gz	NZ_CP023620.1:3118972-3120327	mycobacteria	279
2	GCF_002447815.1_ASM244781v1_genomic.fna.gz	NZ_CP023620.1:3121650-3123355	mycobacteria	279
39	GCF_002447815.1_ASM244781v1_genomic.fna.gz	NZ_CP023620.1:3947908-3949230	mycobacteria	279
1	GCF_002447235.1_ASM244723v1_genomic.fna.gz	NZ_CP023591.1:3119080-3120435	mycobacteria	-
2	GCF_002447235.1_ASM244723v1_genomic.fna.gz	NZ_CP023591.1:3121758-3123463	mycobacteria	-
6	GCF_002447235.1_ASM244723v1_genomic.fna.gz	NZ_CP023591.1:3948011-3949333	mycobacteria	-
15	GCF_001708265.1_ASM170826v1_genomic.fna.gz	NZ_CP016888.1:3117450-3118598	mycobacteria	292
26	GCF_001708265.1_ASM170826v1_genomic.fna.gz	NZ_CP016888.1:3746869-3747446	mycobacteria	292
40	GCF_001708265.1_ASM170826v1_genomic.fna.gz	NZ_CP016888.1:3975516-3977136	mycobacteria	292
12	GCF_002447175.1_ASM244717v1_genomic.fna.gz	NZ_CP023588.1:3118849-3120204	mycobacteria	419
2	GCF_002447175.1_ASM244717v1_genomic.fna.gz	NZ_CP023588.1:3121527-3123232	mycobacteria	419
41	GCF_002447175.1_ASM244717v1_genomic.fna.gz	NZ_CP023588.1:3947824-3948464	mycobacteria	419
1	GCF_002448055.1_ASM244805v1_genomic.fna.gz	NZ_CP023632.1:3119009-3120364	mycobacteria	215
2	GCF_002448055.1_ASM244805v1_genomic.fna.gz	NZ_CP023632.1:3121687-3123392	mycobacteria	215
6	GCF_002448055.1_ASM244805v1_genomic.fna.gz	NZ_CP023632.1:3947945-3949267	mycobacteria	215
1	GCF_002447575.1_ASM244757v1_genomic.fna.gz	NZ_CP023608.1:3119093-3120448	mycobacteria	215
2	GCF_002447575.1_ASM244757v1_genomic.fna.gz	NZ_CP023608.1:3121771-3123476	mycobacteria	215
19	GCF_002447575.1_ASM244757v1_genomic.fna.gz	NZ_CP023608.1:3948237-3949872	mycobacteria	215
1	GCF_002447635.1_ASM244763v1_genomic.fna.gz	NZ_CP023611.1:3118984-3120339	mycobacteria	279
18	GCF_002447635.1_ASM244763v1_genomic.fna.gz	NZ_CP023611.1:3121662-3123367	mycobacteria	279
42	GCF_002447635.1_ASM244763v1_genomic.fna.gz	NZ_CP023611.1:3947678-3948642	mycobacteria	279
43	GCF_000828995.1_ASM82899v1_genomic.fna.gz	NZ_AP014573.1:3123583-3124866	mycobacteria	215
44	GCF_000828995.1_ASM82899v1_genomic.fna.gz	NZ_AP014573.1:3126188-3126818	mycobacteria	215
45	GCF_000828995.1_ASM82899v1_genomic.fna.gz	NZ_AP014573.1:3128211-3129414	mycobacteria	215
8	GCF_000828995.1_ASM82899v1_genomic.fna.gz	NZ_AP014573.1:3748994-3749536	mycobacteria	215
46	GCF_000009445.1_ASM944v1_genomic.fna.gz	NC_008769.1:3072632-3074060	mycobacteria	268
31	GCF_000009445.1_ASM944v1_genomic.fna.gz	NC_008769.1:3075383-3077544	mycobacteria	268
32	GCF_000009445.1_ASM944v1_genomic.fna.gz	NC_008769.1:3928263-3928892	mycobacteria	268
1	GCF_002887255.1_ASM288725v1_genomic.fna.gz	NZ_CP025602.1:3119146-3120501	mycobacteria	215
47	GCF_002887255.1_ASM288725v1_genomic.fna.gz	NZ_CP025602.1:3121900-3123534	mycobacteria	215
48	GCF_002887255.1_ASM288725v1_genomic.fna.gz	NZ_CP025602.1:3948295-3949930	mycobacteria	215
49	GCF_000253355.1_ASM25335v1_genomic.fna.gz	NC_015758.1:3095751-3097993	mycobacteria	215
50	GCF_000253355.1_ASM25335v1_genomic.fna.gz	NC_015758.1:3099316-3101469	mycobacteria	215
15	GCF_000572125.1_ASM57212v1_genomic.fna.gz	NZ_CP002871.1:3110043-3111191	mycobacteria	215
51	GCF_000572125.1_ASM57212v1_genomic.fna.gz	NZ_CP002871.1:3943911-3944618	mycobacteria	215
52	GCF_000572125.1_ASM57212v1_genomic.fna.gz	NZ_CP002871.1:3942435-3945227	mycobacteria	215
53	GCF_002886865.1_ASM288686v1_genomic.fna.gz	NZ_CP025607.1:3119174-3120535	mycobacteria	215
54	GCF_002886865.1_ASM288686v1_genomic.fna.gz	NZ_CP025607.1:3121858-3123563	mycobacteria	215
55	GCF_002886865.1_ASM288686v1_genomic.fna.gz	NZ_CP025607.1:3948088-3949383	mycobacteria	215
15	GCF_000270365.1_ASM27036v1_genomic.fna.gz	NC_017522.1:3106281-3107429	mycobacteria	276
56	GCF_000270365.1_ASM27036v1_genomic.fna.gz	NC_017522.1:3942167-3943802	mycobacteria	276
57	GCF_012923765.1_ASM1292376v1_genomic.fna.gz	NZ_CP048071.1:3112306-3113601	mycobacteria	215
58	GCF_012923765.1_ASM1292376v1_genomic.fna.gz	NZ_CP048071.1:3720746-3723971	mycobacteria	215
1	GCF_002446915.1_ASM244691v1_genomic.fna.gz	NZ_CP023575.1:3119018-3120373	mycobacteria	215
2	GCF_002446915.1_ASM244691v1_genomic.fna.gz	NZ_CP023575.1:3121696-3123401	mycobacteria	215
8	GCF_002446915.1_ASM244691v1_genomic.fna.gz	NZ_CP023575.1:3740509-3741051	mycobacteria	215
59	GCF_002446915.1_ASM244691v1_genomic.fna.gz	NZ_CP023575.1:3947964-3949286	mycobacteria	215
60	GCF_001750865.1_ASM175086v1_genomic.fna.gz	NZ_CP011510.1:248908-249466	mycobacteria	215
61	GCF_001750865.1_ASM175086v1_genomic.fna.gz	NZ_CP011510.1:250859-251487	mycobacteria	215
62	GCF_001750865.1_ASM175086v1_genomic.fna.gz	NZ_CP011510.1:3798718-3800404	mycobacteria	215
1	GCF_002448215.1_ASM244821v1_genomic.fna.gz	NZ_CP023640.1:3119118-3120473	mycobacteria	215
2	GCF_002448215.1_ASM244821v1_genomic.fna.gz	NZ_CP023640.1:3121796-3123501	mycobacteria	215
63	GCF_002448215.1_ASM244821v1_genomic.fna.gz	NZ_CP023640.1:3947766-3949346	mycobacteria	215
1	GCF_002447735.1_ASM244773v1_genomic.fna.gz	NZ_CP023616.1:3119164-3120519	mycobacteria	215
2	GCF_002447735.1_ASM244773v1_genomic.fna.gz	NZ_CP023616.1:3121842-3123547	mycobacteria	215
6	GCF_002447735.1_ASM244773v1_genomic.fna.gz	NZ_CP023616.1:3948107-3949429	mycobacteria	215
1	GCF_002447475.1_ASM244747v1_genomic.fna.gz	NZ_CP023603.1:3119097-3120452	mycobacteria	215
2	GCF_002447475.1_ASM244747v1_genomic.fna.gz	NZ_CP023603.1:3121775-3123480	mycobacteria	215
19	GCF_002447475.1_ASM244747v1_genomic.fna.gz	NZ_CP023603.1:3948267-3949902	mycobacteria	215
1	GCF_002448155.1_ASM244815v1_genomic.fna.gz	NZ_CP023637.1:3119134-3120489	mycobacteria	215
2	GCF_002448155.1_ASM244815v1_genomic.fna.gz	NZ_CP023637.1:3121812-3123517	mycobacteria	215
8	GCF_002448155.1_ASM244815v1_genomic.fna.gz	NZ_CP023637.1:3740625-3741167	mycobacteria	215
19	GCF_002448155.1_ASM244815v1_genomic.fna.gz	NZ_CP023637.1:3948275-3949910	mycobacteria	215
1	GCF_002447675.1_ASM244767v1_genomic.fna.gz	NZ_CP023613.1:3119065-3120420	mycobacteria	215
2	GCF_002447675.1_ASM244767v1_genomic.fna.gz	NZ_CP023613.1:3121743-3123448	mycobacteria	215
59	GCF_002447675.1_ASM244767v1_genomic.fna.gz	NZ_CP023613.1:3947935-3949257	mycobacteria	215
1	GCF_002447535.1_ASM244753v1_genomic.fna.gz	NZ_CP023606.1:3119028-3120383	mycobacteria	215
2	GCF_002447535.1_ASM244753v1_genomic.fna.gz	NZ_CP023606.1:3121706-3123411	mycobacteria	215
59	GCF_002447535.1_ASM244753v1_genomic.fna.gz	NZ_CP023606.1:3947857-3949179	mycobacteria	215
1	GCF_000827085.1_ASM82708v1_genomic.fna.gz	NZ_CP007027.1:3118572-3119927	mycobacteria	215
2	GCF_000827085.1_ASM82708v1_genomic.fna.gz	NZ_CP007027.1:3121250-3122955	mycobacteria	215
64	GCF_000827085.1_ASM82708v1_genomic.fna.gz	NZ_CP007027.1:3947521-3948843	mycobacteria	215
65	GCF_002448015.1_ASM244801v1_genomic.fna.gz	NZ_CP023630.1:3119101-3120456	mycobacteria	215
66	GCF_002448015.1_ASM244801v1_genomic.fna.gz	NZ_CP023630.1:3121779-3123484	mycobacteria	215
19	GCF_002448015.1_ASM244801v1_genomic.fna.gz	NZ_CP023630.1:3948287-3949922	mycobacteria	215
1	GCF_002072775.2_ASM207277v2_genomic.fna.gz	NZ_CP020381.2:3132356-3133711	mycobacteria	215
67	GCF_002072775.2_ASM207277v2_genomic.fna.gz	NZ_CP020381.2:3135034-3136748	mycobacteria	215
68	GCF_002072775.2_ASM207277v2_genomic.fna.gz	NZ_CP020381.2:3969891-3971266	mycobacteria	215
69	GCF_002975475.1_ASM297547v1_genomic.fna.gz	NZ_CP027035.1:3085225-3086582	mycobacteria	269
70	GCF_002975475.1_ASM297547v1_genomic.fna.gz	NZ_CP027035.1:3087905-3089773	mycobacteria	269
15	GCF_000698475.1_ASM69847v1_genomic.fna.gz	NZ_CP007803.1:3100543-3101691	mycobacteria	215
71	GCF_000698475.1_ASM69847v1_genomic.fna.gz	NZ_CP007803.1:3922227-3923233	mycobacteria	215
46	GCF_001580385.1_ASM158038v1_genomic.fna.gz	NZ_CP014566.1:3065405-3066833	mycobacteria	268
31	GCF_001580385.1_ASM158038v1_genomic.fna.gz	NZ_CP014566.1:3068156-3070317	mycobacteria	268
72	GCF_013010385.1_ASM1301038v1_genomic.fna.gz	NZ_CP053092.1:3105537-3107190	mycobacteria	279
73	GCF_013010385.1_ASM1301038v1_genomic.fna.gz	NZ_CP053092.1:3108585-3109207	mycobacteria	279
74	GCF_002886145.1_ASM288614v1_genomic.fna.gz	NZ_CP025593.1:3119192-3120467	mycobacteria	215
2	GCF_002886145.1_ASM288614v1_genomic.fna.gz	NZ_CP025593.1:3121861-3123566	mycobacteria	215
75	GCF_002886145.1_ASM288614v1_genomic.fna.gz	NZ_CP025593.1:3948170-3949384	mycobacteria	215
43	GCF_001895765.1_ASM189576v1_genomic.fna.gz	NZ_CP018303.1:3102425-3103708	mycobacteria	279
76	GCF_001895765.1_ASM189576v1_genomic.fna.gz	NZ_CP018303.1:3105030-3106528	mycobacteria	279
1	GCF_002448115.1_ASM244811v1_genomic.fna.gz	NZ_CP023635.1:3119024-3120379	mycobacteria	279
18	GCF_002448115.1_ASM244811v1_genomic.fna.gz	NZ_CP023635.1:3121702-3123407	mycobacteria	279
6	GCF_002448115.1_ASM244811v1_genomic.fna.gz	NZ_CP023635.1:3947972-3949294	mycobacteria	279
77	GCF_001597645.2_ASM159764v2_genomic.fna.gz	NZ_CP046529.1:3123941-3125745	mycobacteria	215
78	GCF_001597645.2_ASM159764v2_genomic.fna.gz	NZ_CP046529.1:3127068-3129590	mycobacteria	215
8	GCF_001597645.2_ASM159764v2_genomic.fna.gz	NZ_CP046529.1:3745077-3745619	mycobacteria	215
79	GCF_001597645.2_ASM159764v2_genomic.fna.gz	NZ_CP046529.1:3951437-3953072	mycobacteria	215
80	GCF_001544955.1_ASM154495v1_genomic.fna.gz	NZ_CP010337.1:3125821-3127175	mycobacteria	215
81	GCF_001544955.1_ASM154495v1_genomic.fna.gz	NZ_CP010337.1:3128498-3130284	mycobacteria	215
82	GCF_001544955.1_ASM154495v1_genomic.fna.gz	NZ_CP010337.1:3745682-3746362	mycobacteria	215
83	GCF_001544955.1_ASM154495v1_genomic.fna.gz	NZ_CP010337.1:3938867-3939970	mycobacteria	215
1	GCF_002447435.1_ASM244743v1_genomic.fna.gz	NZ_CP023601.1:3119019-3120374	mycobacteria	215
2	GCF_002447435.1_ASM244743v1_genomic.fna.gz	NZ_CP023601.1:3121697-3123402	mycobacteria	215
8	GCF_002447435.1_ASM244743v1_genomic.fna.gz	NZ_CP023601.1:3740456-3740998	mycobacteria	215
84	GCF_002447435.1_ASM244743v1_genomic.fna.gz	NZ_CP023601.1:3947839-3949161	mycobacteria	215
1	GCF_002446955.1_ASM244695v1_genomic.fna.gz	NZ_CP023577.1:3119108-3120463	mycobacteria	215
2	GCF_002446955.1_ASM244695v1_genomic.fna.gz	NZ_CP023577.1:3121786-3123491	mycobacteria	215
8	GCF_002446955.1_ASM244695v1_genomic.fna.gz	NZ_CP023577.1:3740550-3741092	mycobacteria	215
85	GCF_002446955.1_ASM244695v1_genomic.fna.gz	NZ_CP023577.1:3947750-3948639	mycobacteria	215
86	GCF_002447775.1_ASM244777v1_genomic.fna.gz	NZ_CP023618.1:3119113-3120468	mycobacteria	215
2	GCF_002447775.1_ASM244777v1_genomic.fna.gz	NZ_CP023618.1:3121791-3123496	mycobacteria	215
6	GCF_002447775.1_ASM244777v1_genomic.fna.gz	NZ_CP023618.1:3948067-3949389	mycobacteria	215
46	GCF_000338715.2_ASM33871v2_genomic.fna.gz	NC_020245.2:3042280-3043708	mycobacteria	268
31	GCF_000338715.2_ASM33871v2_genomic.fna.gz	NC_020245.2:3045031-3047192	mycobacteria	268
32	GCF_000338715.2_ASM33871v2_genomic.fna.gz	NC_020245.2:3930509-3931138	mycobacteria	268
1	GCF_001938725.1_ASM193872v1_genomic.fna.gz	NZ_CP016972.1:3132348-3133703	mycobacteria	215
2	GCF_001938725.1_ASM193872v1_genomic.fna.gz	NZ_CP016972.1:3135026-3136731	mycobacteria	215
87	GCF_001938725.1_ASM193872v1_genomic.fna.gz	NZ_CP016972.1:3962596-3964041	mycobacteria	215
15	GCF_002357975.1_ASM235797v1_genomic.fna.gz	NZ_AP018036.1:3108124-3109272	mycobacteria	298
26	GCF_002357975.1_ASM235797v1_genomic.fna.gz	NZ_AP018036.1:3738261-3738838	mycobacteria	298
88	GCF_002357975.1_ASM235797v1_genomic.fna.gz	NZ_AP018036.1:3949384-3951080	mycobacteria	298
46	GCF_001274555.1_ASM127455v1_genomic.fna.gz	NZ_CP009243.1:3065410-3066838	mycobacteria	268
31	GCF_001274555.1_ASM127455v1_genomic.fna.gz	NZ_CP009243.1:3068161-3070322	mycobacteria	268
32	GCF_001274555.1_ASM127455v1_genomic.fna.gz	NZ_CP009243.1:3925649-3926278	mycobacteria	268
89	GCF_002447095.1_ASM244709v1_genomic.fna.gz	NZ_CP023584.1:3118947-3120302	mycobacteria	-
2	GCF_002447095.1_ASM244709v1_genomic.fna.gz	NZ_CP023584.1:3121625-3123330	mycobacteria	-
42	GCF_002447095.1_ASM244709v1_genomic.fna.gz	NZ_CP023584.1:3947641-3948605	mycobacteria	-
1	GCF_002447195.1_ASM244719v1_genomic.fna.gz	NZ_CP023589.1:3118976-3120331	mycobacteria	279
18	GCF_002447195.1_ASM244719v1_genomic.fna.gz	NZ_CP023589.1:3121654-3123359	mycobacteria	279
19	GCF_002447195.1_ASM244719v1_genomic.fna.gz	NZ_CP023589.1:3948143-3949778	mycobacteria	279
90	GCF_002116755.1_ASM211675v1_genomic.fna.gz	NZ_CP017593.1:3126619-3127693	mycobacteria	320
91	GCF_002116755.1_ASM211675v1_genomic.fna.gz	NZ_CP017593.1:3962726-3965637	mycobacteria	320
92	GCF_000331445.1_ASM33144v1_genomic.fna.gz	NC_020089.1:3118581-3121031	mycobacteria	215
82	GCF_000331445.1_ASM33144v1_genomic.fna.gz	NC_020089.1:3739417-3740097	mycobacteria	215
93	GCF_000331445.1_ASM33144v1_genomic.fna.gz	NC_020089.1:3957609-3959260	mycobacteria	215
94	GCF_000194075.2_ASM19407v3_genomic.fna.gz	NZ_CP003494.1:2782979-2783307	mycobacteria	268
95	GCF_000194075.2_ASM19407v3_genomic.fna.gz	NZ_CP003494.1:2783470-2784609	mycobacteria	268
96	GCF_000194075.2_ASM19407v3_genomic.fna.gz	NZ_CP003494.1:2785932-2788165	mycobacteria	268
15	GCF_002357935.1_ASM235793v1_genomic.fna.gz	NZ_AP018034.1:3106393-3107541	mycobacteria	215
97	GCF_002357935.1_ASM235793v1_genomic.fna.gz	NZ_AP018034.1:3946903-3947610	mycobacteria	215
98	GCF_002357935.1_ASM235793v1_genomic.fna.gz	NZ_AP018034.1:3945526-3948219	mycobacteria	215
15	GCF_000193185.2_ASM19318v2_genomic.fna.gz	NZ_CP012090.1:2893857-2895005	mycobacteria	276
99	GCF_000193185.2_ASM19318v2_genomic.fna.gz	NZ_CP012090.1:3954666-3956280	mycobacteria	276
100	GCF_003006135.1_ASM300613v1_genomic.fna.gz	NZ_CP022577.1:575653-576801	mycobacteria	276
101	GCF_003006135.1_ASM300613v1_genomic.fna.gz	NZ_CP022577.1:4174654-4175334	mycobacteria	276
1	GCF_002447395.1_ASM244739v1_genomic.fna.gz	NZ_CP023599.1:3118866-3120221	mycobacteria	276
2	GCF_002447395.1_ASM244739v1_genomic.fna.gz	NZ_CP023599.1:3121544-3123249	mycobacteria	276
102	GCF_002447395.1_ASM244739v1_genomic.fna.gz	NZ_CP023599.1:3947385-3949724	mycobacteria	276
1	GCF_002447295.1_ASM244729v1_genomic.fna.gz	NZ_CP023594.1:3119094-3120449	mycobacteria	215
2	GCF_002447295.1_ASM244729v1_genomic.fna.gz	NZ_CP023594.1:3121772-3123477	mycobacteria	215
103	GCF_002447295.1_ASM244729v1_genomic.fna.gz	NZ_CP023594.1:3947922-3949244	mycobacteria	215
15	GCF_003265005.1_ASM326500v1_genomic.fna.gz	NZ_CP030093.1:2893892-2895040	mycobacteria	276
99	GCF_003265005.1_ASM326500v1_genomic.fna.gz	NZ_CP030093.1:3954685-3956299	mycobacteria	276
15	GCF_001702435.1_ASM170243v1_genomic.fna.gz	NZ_CP016794.1:3115106-3116254	mycobacteria	276
26	GCF_001702435.1_ASM170243v1_genomic.fna.gz	NZ_CP016794.1:3741860-3742437	mycobacteria	276
104	GCF_001702435.1_ASM170243v1_genomic.fna.gz	NZ_CP016794.1:3943702-3944157	mycobacteria	276
46	GCF_000010685.1_ASM1068v1_genomic.fna.gz	NC_012207.1:3065405-3066833	mycobacteria	268
31	GCF_000010685.1_ASM1068v1_genomic.fna.gz	NC_012207.1:3068156-3070317	mycobacteria	268
15	GCF_000572195.1_ASM57219v1_genomic.fna.gz	NZ_CP002885.1:3110855-3112003	mycobacteria	276
105	GCF_000572195.1_ASM57219v1_genomic.fna.gz	NZ_CP002885.1:3739019-3739597	mycobacteria	276
106	GCF_000572195.1_ASM57219v1_genomic.fna.gz	NZ_CP002885.1:3951335-3952234	mycobacteria	276
107	GCF_000756545.1_ASM75654v1_genomic.fna.gz	NZ_CP009427.1:3129010-3131120	mycobacteria	215
108	GCF_000756545.1_ASM75654v1_genomic.fna.gz	NZ_CP009427.1:3132443-3134678	mycobacteria	215
109	GCF_000756545.1_ASM75654v1_genomic.fna.gz	NZ_CP009427.1:3950567-3951223	mycobacteria	215
110	GCF_000350205.1_ASM35020v1_genomic.fna.gz	NC_020559.1:3105877-3106794	mycobacteria	215
111	GCF_000350205.1_ASM35020v1_genomic.fna.gz	NC_020559.1:3108130-3109989	mycobacteria	215
112	GCF_001078615.1_ASM107861v1_genomic.fna.gz	NZ_CP012095.1:3080207-3081493	mycobacteria	215
113	GCF_001078615.1_ASM107861v1_genomic.fna.gz	NZ_CP012095.1:3082887-3084674	mycobacteria	215
1	GCF_002447695.1_ASM244769v1_genomic.fna.gz	NZ_CP023614.1:3119047-3120402	mycobacteria	279
2	GCF_002447695.1_ASM244769v1_genomic.fna.gz	NZ_CP023614.1:3121725-3123430	mycobacteria	279
6	GCF_002447695.1_ASM244769v1_genomic.fna.gz	NZ_CP023614.1:3947990-3949312	mycobacteria	279
1	GCF_002447795.1_ASM244779v1_genomic.fna.gz	NZ_CP023619.1:3119122-3120477	mycobacteria	215
2	GCF_002447795.1_ASM244779v1_genomic.fna.gz	NZ_CP023619.1:3121800-3123505	mycobacteria	215
8	GCF_002447795.1_ASM244779v1_genomic.fna.gz	NZ_CP023619.1:3740578-3741120	mycobacteria	215
19	GCF_002447795.1_ASM244779v1_genomic.fna.gz	NZ_CP023619.1:3948225-3949860	mycobacteria	215
90	GCF_002116835.1_ASM211683v1_genomic.fna.gz	NZ_CP017597.1:3144253-3145327	mycobacteria	320
26	GCF_002116835.1_ASM211683v1_genomic.fna.gz	NZ_CP017597.1:3770729-3771306	mycobacteria	320
114	GCF_002116835.1_ASM211683v1_genomic.fna.gz	NZ_CP017597.1:3981053-3981759	mycobacteria	320
115	GCF_002116835.1_ASM211683v1_genomic.fna.gz	NZ_CP017597.1:3981173-3982368	mycobacteria	320
116	GCF_003287145.1_ASM328714v1_genomic.fna.gz	NZ_CP019611.1:319324-321621	mycobacteria	215
110	GCF_003287145.1_ASM328714v1_genomic.fna.gz	NZ_CP019611.1:3898322-3899239	mycobacteria	215
117	GCF_003287145.1_ASM328714v1_genomic.fna.gz	NZ_CP019611.1:3900634-3901106	mycobacteria	215
118	GCF_003287145.1_ASM328714v1_genomic.fna.gz	NZ_CP019611.1:3902429-3904287	mycobacteria	215
1	GCF_001895785.1_ASM189578v1_genomic.fna.gz	NZ_CP018305.1:3103233-3104588	mycobacteria	215
119	GCF_001895785.1_ASM189578v1_genomic.fna.gz	NZ_CP018305.1:3105953-3107448	mycobacteria	215
82	GCF_001895785.1_ASM189578v1_genomic.fna.gz	NZ_CP018305.1:3723590-3724270	mycobacteria	215
120	GCF_001895785.1_ASM189578v1_genomic.fna.gz	NZ_CP018305.1:3897694-3898325	mycobacteria	215
121	GCF_009664875.1_ASM966487v1_genomic.fna.gz	NZ_CP045962.1:3116944-3119391	mycobacteria	215
122	GCF_009664875.1_ASM966487v1_genomic.fna.gz	NZ_CP045962.1:3738443-3740774	mycobacteria	215
123	GCF_009664875.1_ASM966487v1_genomic.fna.gz	NZ_CP045962.1:3950904-3952292	mycobacteria	215
1	GCF_000738475.1_ASM73847v1_genomic.fna.gz	NZ_CP009101.1:3119204-3120559	mycobacteria	215
124	GCF_000738475.1_ASM73847v1_genomic.fna.gz	NZ_CP009101.1:3121882-3123586	mycobacteria	215
8	GCF_000738475.1_ASM73847v1_genomic.fna.gz	NZ_CP009101.1:3740681-3741223	mycobacteria	215
6	GCF_000738475.1_ASM73847v1_genomic.fna.gz	NZ_CP009101.1:3948131-3949453	mycobacteria	215
1	GCF_002447595.1_ASM244759v1_genomic.fna.gz	NZ_CP023609.1:3118935-3120290	mycobacteria	276
2	GCF_002447595.1_ASM244759v1_genomic.fna.gz	NZ_CP023609.1:3121613-3123318	mycobacteria	276
125	GCF_002447595.1_ASM244759v1_genomic.fna.gz	NZ_CP023609.1:3947718-3949696	mycobacteria	276
126	GCF_002356255.1_ASM235625v1_genomic.fna.gz	NZ_AP018033.1:3107394-3109353	mycobacteria	215
78	GCF_002356255.1_ASM235625v1_genomic.fna.gz	NZ_AP018033.1:3110676-3113198	mycobacteria	215
127	GCF_002356255.1_ASM235625v1_genomic.fna.gz	NZ_AP018033.1:3726221-3729053	mycobacteria	215
128	GCF_002356255.1_ASM235625v1_genomic.fna.gz	NZ_AP018033.1:3937686-3938731	mycobacteria	215
1	GCF_002447495.1_ASM244749v1_genomic.fna.gz	NZ_CP023604.1:3118926-3120281	mycobacteria	279
2	GCF_002447495.1_ASM244749v1_genomic.fna.gz	NZ_CP023604.1:3121604-3123309	mycobacteria	279
6	GCF_002447495.1_ASM244749v1_genomic.fna.gz	NZ_CP023604.1:3947821-3949143	mycobacteria	279
1	GCF_002356015.1_ASM235601v1_genomic.fna.gz	NZ_AP017901.1:3105325-3106680	mycobacteria	836
129	GCF_002356015.1_ASM235601v1_genomic.fna.gz	NZ_AP017901.1:3108045-3109542	mycobacteria	836
82	GCF_002356015.1_ASM235601v1_genomic.fna.gz	NZ_AP017901.1:3734661-3735341	mycobacteria	836
130	GCF_002356015.1_ASM235601v1_genomic.fna.gz	NZ_AP017901.1:3917094-3918782	mycobacteria	836
131	GCF_001043255.1_ASM104325v1_genomic.fna.gz	NZ_CP008744.1:3052113-3053472	mycobacteria	268
31	GCF_001043255.1_ASM104325v1_genomic.fna.gz	NZ_CP008744.1:3054866-3057027	mycobacteria	268
132	GCF_000154605.2_ASM15460v2_genomic.fna.gz	NC_018078.1:1290371-1291940	mycobacteria	279
133	GCF_000154605.2_ASM15460v2_genomic.fna.gz	NC_018078.1:1293303-1294584	mycobacteria	279
1	GCF_000195955.2_ASM19595v2_genomic.fna.gz	NC_000962.3:3119184-3120539	mycobacteria	215
2	GCF_000195955.2_ASM19595v2_genomic.fna.gz	NC_000962.3:3121862-3123567	mycobacteria	215
19	GCF_000195955.2_ASM19595v2_genomic.fna.gz	NC_000962.3:3948363-3949998	mycobacteria	215
134	GCF_002886585.1_ASM288658v1_genomic.fna.gz	NZ_CP025608.1:3119165-3120519	mycobacteria	215
135	GCF_002886585.1_ASM288658v1_genomic.fna.gz	NZ_CP025608.1:3121918-3123552	mycobacteria	215
136	GCF_002886585.1_ASM288658v1_genomic.fna.gz	NZ_CP025608.1:3740685-3741446	mycobacteria	215
137	GCF_002886585.1_ASM288658v1_genomic.fna.gz	NZ_CP025608.1:3948350-3949349	mycobacteria	215
1	GCF_002447995.1_ASM244799v1_genomic.fna.gz	NZ_CP023629.1:3119017-3120372	mycobacteria	279
2	GCF_002447995.1_ASM244799v1_genomic.fna.gz	NZ_CP023629.1:3121695-3123400	mycobacteria	279
19	GCF_002447995.1_ASM244799v1_genomic.fna.gz	NZ_CP023629.1:3948190-3949825	mycobacteria	279
138	GCF_000153685.2_ASM15368v2_genomic.fna.gz	NC_022350.1:3113244-3114090	mycobacteria	215
117	GCF_000153685.2_ASM15368v2_genomic.fna.gz	NC_022350.1:3115485-3115957	mycobacteria	215
139	GCF_000153685.2_ASM15368v2_genomic.fna.gz	NC_022350.1:3117280-3119065	mycobacteria	215
140	GCF_000153685.2_ASM15368v2_genomic.fna.gz	NC_022350.1:3945782-3946824	mycobacteria	215
100	GCF_003006115.1_ASM300611v1_genomic.fna.gz	NZ_CP022578.1:431178-432326	mycobacteria	276
101	GCF_003006115.1_ASM300611v1_genomic.fna.gz	NZ_CP022578.1:4030150-4030830	mycobacteria	276
1	GCF_002447895.1_ASM244789v1_genomic.fna.gz	NZ_CP023624.1:3118996-3120351	mycobacteria	215
2	GCF_002447895.1_ASM244789v1_genomic.fna.gz	NZ_CP023624.1:3121674-3123379	mycobacteria	215
141	GCF_002447895.1_ASM244789v1_genomic.fna.gz	NZ_CP023624.1:3948176-3949811	mycobacteria	215
100	GCF_001870145.1_ASM187014v1_genomic.fna.gz	NZ_CP017920.1:257193-258341	mycobacteria	215
101	GCF_001870145.1_ASM187014v1_genomic.fna.gz	NZ_CP017920.1:3849655-3850335	mycobacteria	215
1	GCF_002886195.1_ASM288619v1_genomic.fna.gz	NZ_CP025595.1:3119171-3120526	mycobacteria	215
142	GCF_002886195.1_ASM288619v1_genomic.fna.gz	NZ_CP025595.1:3121925-3123559	mycobacteria	215
8	GCF_002886195.1_ASM288619v1_genomic.fna.gz	NZ_CP025595.1:3740686-3741228	mycobacteria	215
143	GCF_002886195.1_ASM288619v1_genomic.fna.gz	NZ_CP025595.1:3948136-3948834	mycobacteria	215
46	GCF_000967285.1_ASM96728v1_genomic.fna.gz	NZ_AM412059.1:3065127-3066555	mycobacteria	268
31	GCF_000967285.1_ASM96728v1_genomic.fna.gz	NZ_AM412059.1:3067878-3070039	mycobacteria	268
1	GCF_002886685.1_ASM288668v1_genomic.fna.gz	NZ_CP025598.1:3119189-3120544	mycobacteria	215
144	GCF_002886685.1_ASM288668v1_genomic.fna.gz	NZ_CP025598.1:3121943-3123577	mycobacteria	215
8	GCF_002886685.1_ASM288668v1_genomic.fna.gz	NZ_CP025598.1:3740704-3741246	mycobacteria	215
9	GCF_002886685.1_ASM288668v1_genomic.fna.gz	NZ_CP025598.1:3948154-3948852	mycobacteria	215
145	GCF_008761675.1_ASM876167v1_genomic.fna.gz	NZ_CP044345.1:1458882-1460239	mycobacteria	215
146	GCF_008761675.1_ASM876167v1_genomic.fna.gz	NZ_CP044345.1:1461562-1463276	mycobacteria	215
82	GCF_008761675.1_ASM876167v1_genomic.fna.gz	NZ_CP044345.1:2089395-2090075	mycobacteria	215
147	GCF_008761675.1_ASM876167v1_genomic.fna.gz	NZ_CP044345.1:2299310-2300760	mycobacteria	215
148	GCF_000008585.1_ASM858v1_genomic.fna.gz	NC_002755.2:3113902-3115328	mycobacteria	277
149	GCF_000008585.1_ASM858v1_genomic.fna.gz	NC_002755.2:3116650-3117780	mycobacteria	277
82	GCF_000008585.1_ASM858v1_genomic.fna.gz	NC_002755.2:3732837-3733517	mycobacteria	277
150	GCF_000008585.1_ASM858v1_genomic.fna.gz	NC_002755.2:3941523-3942887	mycobacteria	277
1	GCF_000738445.1_ASM73844v1_genomic.fna.gz	NZ_CP009100.1:3119193-3120548	mycobacteria	215
151	GCF_000738445.1_ASM73844v1_genomic.fna.gz	NZ_CP009100.1:3121871-3123575	mycobacteria	215
6	GCF_000738445.1_ASM73844v1_genomic.fna.gz	NZ_CP009100.1:3948123-3949445	mycobacteria	215
152	GCF_002357955.1_ASM235795v1_genomic.fna.gz	NZ_AP018035.1:3119932-3121080	mycobacteria	276
26	GCF_002357955.1_ASM235795v1_genomic.fna.gz	NZ_AP018035.1:3746639-3747216	mycobacteria	276
153	GCF_002357955.1_ASM235795v1_genomic.fna.gz	NZ_AP018035.1:3957708-3958830	mycobacteria	276
90	GCF_002116775.1_ASM211677v1_genomic.fna.gz	NZ_CP017594.1:3140452-3141526	mycobacteria	320
88	GCF_002116775.1_ASM211677v1_genomic.fna.gz	NZ_CP017594.1:3978479-3980175	mycobacteria	320
15	GCF_002208235.1_ASM220823v1_genomic.fna.gz	NZ_CP022014.1:3122711-3123859	mycobacteria	215
154	GCF_002208235.1_ASM220823v1_genomic.fna.gz	NZ_CP022014.1:3954034-3956075	mycobacteria	215
15	GCF_000756525.1_ASM75652v1_genomic.fna.gz	NZ_CP009426.1:3096413-3097561	mycobacteria	215
46	GCF_000234725.1_ASM23472v1_genomic.fna.gz	NC_016804.1:3051997-3053425	mycobacteria	268
31	GCF_000234725.1_ASM23472v1_genomic.fna.gz	NC_016804.1:3054748-3056909	mycobacteria	268
32	GCF_000234725.1_ASM23472v1_genomic.fna.gz	NC_016804.1:3907628-3908257	mycobacteria	268
132	GCF_000023625.1_ASM2362v1_genomic.fna.gz	NC_012943.1:1290259-1291828	mycobacteria	279
133	GCF_000023625.1_ASM2362v1_genomic.fna.gz	NC_012943.1:1293191-1294472	mycobacteria	279
14	GCF_000023625.1_ASM2362v1_genomic.fna.gz	NC_012943.1:3736467-3737315	mycobacteria	279
1	GCF_000016145.1_ASM1614v1_genomic.fna.gz	NC_009525.1:3131152-3132507	mycobacteria	215
155	GCF_000016145.1_ASM1614v1_genomic.fna.gz	NC_009525.1:3133830-3135555	mycobacteria	215
109	GCF_000016145.1_ASM1614v1_genomic.fna.gz	NC_009525.1:3957637-3958293	mycobacteria	215
1	GCF_002448095.1_ASM244809v1_genomic.fna.gz	NZ_CP023634.1:3119049-3120404	mycobacteria	215
2	GCF_002448095.1_ASM244809v1_genomic.fna.gz	NZ_CP023634.1:3121727-3123432	mycobacteria	215
42	GCF_002448095.1_ASM244809v1_genomic.fna.gz	NZ_CP023634.1:3947707-3948671	mycobacteria	215
100	GCF_003287125.1_ASM328712v1_genomic.fna.gz	NZ_CP019610.1:3844117-3845265	mycobacteria	298
1	GCF_000016925.1_ASM1692v1_genomic.fna.gz	NC_009565.1:3131139-3132494	mycobacteria	215
156	GCF_000016925.1_ASM1692v1_genomic.fna.gz	NC_009565.1:3133859-3135205	mycobacteria	215
120	GCF_000016925.1_ASM1692v1_genomic.fna.gz	NC_009565.1:3961543-3962174	mycobacteria	215
1	GCF_002448195.1_ASM244819v1_genomic.fna.gz	NZ_CP023639.1:3118898-3120253	mycobacteria	215
2	GCF_002448195.1_ASM244819v1_genomic.fna.gz	NZ_CP023639.1:3121576-3123281	mycobacteria	215
8	GCF_002448195.1_ASM244819v1_genomic.fna.gz	NZ_CP023639.1:3740358-3740900	mycobacteria	215
102	GCF_002448195.1_ASM244819v1_genomic.fna.gz	NZ_CP023639.1:3947420-3949759	mycobacteria	215
90	GCF_002116855.1_ASM211685v1_genomic.fna.gz	NZ_CP017598.1:3116989-3118063	mycobacteria	320
157	GCF_002116855.1_ASM211685v1_genomic.fna.gz	NZ_CP017598.1:3916916-3918739	mycobacteria	320
46	GCF_005155785.1_ASM515578v1_genomic.fna.gz	NZ_CP039851.1:3052644-3054072	mycobacteria	268
31	GCF_005155785.1_ASM515578v1_genomic.fna.gz	NZ_CP039851.1:3055395-3057556	mycobacteria	268
158	GCF_000195835.2_ASM19583v2_genomic.fna.gz	NC_002945.4:3080146-3081360	mycobacteria	215
159	GCF_000195835.2_ASM19583v2_genomic.fna.gz	NC_002945.4:3082754-3084541	mycobacteria	215
160	GCF_000389945.1_ASM38994v1_genomic.fna.gz	NC_021194.1:3105093-3106449	mycobacteria	215
161	GCF_000389945.1_ASM38994v1_genomic.fna.gz	NC_021194.1:3107772-3109473	mycobacteria	215
19	GCF_000389945.1_ASM38994v1_genomic.fna.gz	NC_021194.1:3927243-3928878	mycobacteria	215
1	GCF_002446895.1_ASM244689v1_genomic.fna.gz	NZ_CP023574.1:3118992-3120347	mycobacteria	279
2	GCF_002446895.1_ASM244689v1_genomic.fna.gz	NZ_CP023574.1:3121670-3123375	mycobacteria	279
8	GCF_002446895.1_ASM244689v1_genomic.fna.gz	NZ_CP023574.1:3740436-3740978	mycobacteria	279
6	GCF_002446895.1_ASM244689v1_genomic.fna.gz	NZ_CP023574.1:3947880-3949202	mycobacteria	279
1	GCF_002446995.1_ASM244699v1_genomic.fna.gz	NZ_CP023579.1:3118892-3120247	mycobacteria	215
2	GCF_002446995.1_ASM244699v1_genomic.fna.gz	NZ_CP023579.1:3121570-3123275	mycobacteria	215
162	GCF_002446995.1_ASM244699v1_genomic.fna.gz	NZ_CP023579.1:3948062-3949661	mycobacteria	215
15	GCF_002116815.1_ASM211681v1_genomic.fna.gz	NZ_CP017596.1:3112515-3113663	mycobacteria	320
26	GCF_002116815.1_ASM211681v1_genomic.fna.gz	NZ_CP017596.1:3740918-3741495	mycobacteria	320
1	GCF_003287165.1_ASM328716v1_genomic.fna.gz	NZ_CP019612.1:2986012-2987367	mycobacteria	215
81	GCF_003287165.1_ASM328716v1_genomic.fna.gz	NZ_CP019612.1:2988690-2990476	mycobacteria	215
82	GCF_003287165.1_ASM328716v1_genomic.fna.gz	NZ_CP019612.1:3611311-3611991	mycobacteria	215
163	GCF_003287165.1_ASM328716v1_genomic.fna.gz	NZ_CP019612.1:3819691-3821202	mycobacteria	215
164	GCF_003293655.1_ASM329365v1_genomic.fna.gz	NZ_CP029065.1:3092146-3097066	mycobacteria	215
22	GCF_003293655.1_ASM329365v1_genomic.fna.gz	NZ_CP029065.1:3701576-3703340	mycobacteria	215
1	GCF_002447055.1_ASM244705v1_genomic.fna.gz	NZ_CP023582.1:3119026-3120381	mycobacteria	215
2	GCF_002447055.1_ASM244705v1_genomic.fna.gz	NZ_CP023582.1:3121704-3123409	mycobacteria	215
8	GCF_002447055.1_ASM244705v1_genomic.fna.gz	NZ_CP023582.1:3740505-3741047	mycobacteria	215
25	GCF_002447055.1_ASM244705v1_genomic.fna.gz	NZ_CP023582.1:3948174-3949809	mycobacteria	215
15	GCF_000400615.1_ASM40061v1_genomic.fna.gz	NC_021251.1:3113969-3115117	mycobacteria	278
165	GCF_000400615.1_ASM40061v1_genomic.fna.gz	NC_021251.1:3948719-3951562	mycobacteria	278
1	GCF_002447935.1_ASM244793v1_genomic.fna.gz	NZ_CP023626.1:3118898-3120253	mycobacteria	276
2	GCF_002447935.1_ASM244793v1_genomic.fna.gz	NZ_CP023626.1:3121576-3123281	mycobacteria	276
166	GCF_002447935.1_ASM244793v1_genomic.fna.gz	NZ_CP023626.1:3947424-3949763	mycobacteria	276
1	GCF_002447315.1_ASM244731v1_genomic.fna.gz	NZ_CP023595.1:3118882-3120237	mycobacteria	840
2	GCF_002447315.1_ASM244731v1_genomic.fna.gz	NZ_CP023595.1:3121560-3123265	mycobacteria	840
8	GCF_002447315.1_ASM244731v1_genomic.fna.gz	NZ_CP023595.1:3740330-3740872	mycobacteria	840
167	GCF_002447315.1_ASM244731v1_genomic.fna.gz	NZ_CP023595.1:3947854-3949637	mycobacteria	840
168	GCF_000934325.3_ASM93432v3_genomic.fna.gz	NZ_CP015773.2:3079835-3081121	mycobacteria	269
169	GCF_000934325.3_ASM93432v3_genomic.fna.gz	NZ_CP015773.2:3082515-3084609	mycobacteria	269
1	GCF_900520315.1_Mtb_DKC2.180803_genomic.fna.gz	NZ_LR027516.1:3127342-3128697	mycobacteria	215
118	GCF_900520315.1_Mtb_DKC2.180803_genomic.fna.gz	NZ_LR027516.1:3130020-3131878	mycobacteria	215
170	GCF_902459825.1_MB3601_COMBINED_genomic.fna.gz	NZ_LR699570.1:3086143-3087426	mycobacteria	215
31	GCF_902459825.1_MB3601_COMBINED_genomic.fna.gz	NZ_LR699570.1:3088749-3090910	mycobacteria	215
43	GCF_001895825.1_ASM189582v1_genomic.fna.gz	NZ_CP018301.1:3099370-3100653	mycobacteria	277
171	GCF_001895825.1_ASM189582v1_genomic.fna.gz	NZ_CP018301.1:3101975-3103488	mycobacteria	277
15	GCF_000706665.1_ASM70666v1_genomic.fna.gz	NZ_CP007809.1:3109952-3111100	mycobacteria	215
26	GCF_000706665.1_ASM70666v1_genomic.fna.gz	NZ_CP007809.1:3734517-3735094	mycobacteria	215
172	GCF_000706665.1_ASM70666v1_genomic.fna.gz	NZ_CP007809.1:3945589-3947907	mycobacteria	215
90	GCF_002116795.1_ASM211679v1_genomic.fna.gz	NZ_CP017595.1:3129751-3130825	mycobacteria	320
26	GCF_002116795.1_ASM211679v1_genomic.fna.gz	NZ_CP017595.1:3756450-3757027	mycobacteria	320
173	GCF_002116795.1_ASM211679v1_genomic.fna.gz	NZ_CP017595.1:3966773-3969683	mycobacteria	320
1	GCF_002447215.1_ASM244721v1_genomic.fna.gz	NZ_CP023590.1:3119003-3120358	mycobacteria	279
18	GCF_002447215.1_ASM244721v1_genomic.fna.gz	NZ_CP023590.1:3121681-3123386	mycobacteria	279
6	GCF_002447215.1_ASM244721v1_genomic.fna.gz	NZ_CP023590.1:3947933-3949255	mycobacteria	279
1	GCF_002447835.1_ASM244783v1_genomic.fna.gz	NZ_CP023621.1:3118984-3120339	mycobacteria	279
2	GCF_002447835.1_ASM244783v1_genomic.fna.gz	NZ_CP023621.1:3121662-3123367	mycobacteria	279
174	GCF_002447835.1_ASM244783v1_genomic.fna.gz	NZ_CP023621.1:3947939-3948655	mycobacteria	279
1	GCF_002447155.1_ASM244715v1_genomic.fna.gz	NZ_CP023587.1:3118924-3120279	mycobacteria	215
2	GCF_002447155.1_ASM244715v1_genomic.fna.gz	NZ_CP023587.1:3121602-3123307	mycobacteria	215
8	GCF_002447155.1_ASM244715v1_genomic.fna.gz	NZ_CP023587.1:3740416-3740958	mycobacteria	215
175	GCF_002447155.1_ASM244715v1_genomic.fna.gz	NZ_CP023587.1:3948091-3949690	mycobacteria	215
176	GCF_002447975.1_ASM244797v1_genomic.fna.gz	NZ_CP023628.1:3119152-3120507	mycobacteria	215
2	GCF_002447975.1_ASM244797v1_genomic.fna.gz	NZ_CP023628.1:3121826-3123531	mycobacteria	215
8	GCF_002447975.1_ASM244797v1_genomic.fna.gz	NZ_CP023628.1:3740634-3741176	mycobacteria	215
19	GCF_002447975.1_ASM244797v1_genomic.fna.gz	NZ_CP023628.1:3948311-3949946	mycobacteria	215
177	GCF_001545015.1_ASM154501v1_genomic.fna.gz	NZ_CP010339.1:3117293-3118429	mycobacteria	215
118	GCF_001545015.1_ASM154501v1_genomic.fna.gz	NZ_CP010339.1:3119752-3121610	mycobacteria	215
178	GCF_001545015.1_ASM154501v1_genomic.fna.gz	NZ_CP010339.1:3935834-3937483	mycobacteria	215
1	GCF_002447355.1_ASM244735v1_genomic.fna.gz	NZ_CP023597.1:3119119-3120474	mycobacteria	215
2	GCF_002447355.1_ASM244735v1_genomic.fna.gz	NZ_CP023597.1:3121797-3123502	mycobacteria	215
179	GCF_002447355.1_ASM244735v1_genomic.fna.gz	NZ_CP023597.1:3947995-3949317	mycobacteria	215
1	GCF_000277735.2_ASM27773v2_genomic.fna.gz	NC_018143.2:3119194-3120549	mycobacteria	215
2	GCF_000277735.2_ASM27773v2_genomic.fna.gz	NC_018143.2:3121872-3123577	mycobacteria	215
79	GCF_000277735.2_ASM27773v2_genomic.fna.gz	NC_018143.2:3948542-3950177	mycobacteria	215
180	GCF_007833935.1_ASM783393v1_genomic.fna.gz	NZ_CP041207.1:3127895-3130564	mycobacteria	215
181	GCF_007833935.1_ASM783393v1_genomic.fna.gz	NZ_CP041207.1:3962389-3964328	mycobacteria	215
1	GCF_002447015.1_ASM244701v1_genomic.fna.gz	NZ_CP023580.1:3119113-3120468	mycobacteria	215
2	GCF_002447015.1_ASM244701v1_genomic.fna.gz	NZ_CP023580.1:3121791-3123496	mycobacteria	215
19	GCF_002447015.1_ASM244701v1_genomic.fna.gz	NZ_CP023580.1:3948269-3949904	mycobacteria	215
1	GCF_000224435.1_ASM22443v1_genomic.fna.gz	NC_017524.1:3114244-3115599	mycobacteria	279
182	GCF_000224435.1_ASM22443v1_genomic.fna.gz	NC_017524.1:3116963-3117365	mycobacteria	279
183	GCF_000224435.1_ASM22443v1_genomic.fna.gz	NC_017524.1:3118748-3119889	mycobacteria	279
14	GCF_000224435.1_ASM22443v1_genomic.fna.gz	NC_017524.1:3739020-3739868	mycobacteria	279
184	GCF_002886335.1_ASM288633v1_genomic.fna.gz	NZ_CP025601.1:3119216-3120571	mycobacteria	279
185	GCF_002886335.1_ASM288633v1_genomic.fna.gz	NZ_CP025601.1:3121894-3123599	mycobacteria	279
186	GCF_002886335.1_ASM288633v1_genomic.fna.gz	NZ_CP025601.1:3948425-3950061	mycobacteria	279
15	GCF_000786505.1_MT49-02_genomic.fna.gz	NZ_HG813240.1:3113431-3114579	mycobacteria	215
187	GCF_000786505.1_MT49-02_genomic.fna.gz	NZ_HG813240.1:3948676-3950290	mycobacteria	215
1	GCF_002887065.1_ASM288706v1_genomic.fna.gz	NZ_CP025597.1:3119154-3120509	mycobacteria	215
2	GCF_002887065.1_ASM288706v1_genomic.fna.gz	NZ_CP025597.1:3121832-3123537	mycobacteria	215
188	GCF_002887065.1_ASM288706v1_genomic.fna.gz	NZ_CP025597.1:3947830-3948794	mycobacteria	215
15	GCF_000572155.1_ASM57215v1_genomic.fna.gz	NZ_CP002882.1:3101836-3102984	mycobacteria	276
26	GCF_000572155.1_ASM57215v1_genomic.fna.gz	NZ_CP002882.1:3726401-3726978	mycobacteria	276
189	GCF_000572155.1_ASM57215v1_genomic.fna.gz	NZ_CP002882.1:3938280-3939894	mycobacteria	276
43	GCF_001895865.1_ASM189586v1_genomic.fna.gz	NZ_CP018304.1:3106708-3107991	mycobacteria	279
76	GCF_001895865.1_ASM189586v1_genomic.fna.gz	NZ_CP018304.1:3109313-3110811	mycobacteria	279
14	GCF_001895865.1_ASM189586v1_genomic.fna.gz	NZ_CP018304.1:3726184-3727032	mycobacteria	279
12	GCF_002447115.1_ASM244711v1_genomic.fna.gz	NZ_CP023585.1:3118878-3120233	mycobacteria	419
2	GCF_002447115.1_ASM244711v1_genomic.fna.gz	NZ_CP023585.1:3121556-3123261	mycobacteria	419
8	GCF_002447115.1_ASM244711v1_genomic.fna.gz	NZ_CP023585.1:3740368-3740910	mycobacteria	419
42	GCF_002447115.1_ASM244711v1_genomic.fna.gz	NZ_CP023585.1:3947587-3948551	mycobacteria	419
1	GCF_002447255.1_ASM244725v1_genomic.fna.gz	NZ_CP023592.1:3119000-3120355	mycobacteria	215
2	GCF_002447255.1_ASM244725v1_genomic.fna.gz	NZ_CP023592.1:3121678-3123383	mycobacteria	215
42	GCF_002447255.1_ASM244725v1_genomic.fna.gz	NZ_CP023592.1:3947712-3948676	mycobacteria	215
190	GCF_009730235.1_ASM973023v1_genomic.fna.gz	NZ_CP046309.1:1208472-1209328	mycobacteria	215
191	GCF_009730235.1_ASM973023v1_genomic.fna.gz	NZ_CP046309.1:1210753-1212691	mycobacteria	215
192	GCF_009730235.1_ASM973023v1_genomic.fna.gz	NZ_CP046309.1:2046292-2047992	mycobacteria	215
193	GCF_000422125.1_ASM42212v1_genomic.fna.gz	NC_021740.1:3105614-3106969	mycobacteria	215
2	GCF_000422125.1_ASM42212v1_genomic.fna.gz	NC_021740.1:3108292-3109997	mycobacteria	215
19	GCF_000422125.1_ASM42212v1_genomic.fna.gz	NC_021740.1:3927998-3929633	mycobacteria	215
1	GCF_002447875.1_ASM244787v1_genomic.fna.gz	NZ_CP023623.1:3119076-3120431	mycobacteria	215
2	GCF_002447875.1_ASM244787v1_genomic.fna.gz	NZ_CP023623.1:3121754-3123459	mycobacteria	215
8	GCF_002447875.1_ASM244787v1_genomic.fna.gz	NZ_CP023623.1:3740520-3741062	mycobacteria	215
194	GCF_002447875.1_ASM244787v1_genomic.fna.gz	NZ_CP023623.1:3948164-3949242	mycobacteria	215
1	GCF_002446875.1_ASM244687v1_genomic.fna.gz	NZ_CP023573.1:3118953-3120308	mycobacteria	215
2	GCF_002446875.1_ASM244687v1_genomic.fna.gz	NZ_CP023573.1:3121631-3123336	mycobacteria	215
195	GCF_002446875.1_ASM244687v1_genomic.fna.gz	NZ_CP023573.1:3947815-3948618	mycobacteria	215
1	GCF_002447655.1_ASM244765v1_genomic.fna.gz	NZ_CP023612.1:3119060-3120415	mycobacteria	215
2	GCF_002447655.1_ASM244765v1_genomic.fna.gz	NZ_CP023612.1:3121738-3123443	mycobacteria	215
8	GCF_002447655.1_ASM244765v1_genomic.fna.gz	NZ_CP023612.1:3740528-3741070	mycobacteria	215
19	GCF_002447655.1_ASM244765v1_genomic.fna.gz	NZ_CP023612.1:3948184-3949819	mycobacteria	215
1	GCF_002448035.1_ASM244803v1_genomic.fna.gz	NZ_CP023631.1:3118965-3120320	mycobacteria	378
2	GCF_002448035.1_ASM244803v1_genomic.fna.gz	NZ_CP023631.1:3121643-3123348	mycobacteria	378
25	GCF_002448035.1_ASM244803v1_genomic.fna.gz	NZ_CP023631.1:3947989-3949624	mycobacteria	378
1	GCF_002447515.1_ASM244751v1_genomic.fna.gz	NZ_CP023605.1:3119137-3120492	mycobacteria	215
2	GCF_002447515.1_ASM244751v1_genomic.fna.gz	NZ_CP023605.1:3121815-3123520	mycobacteria	215
6	GCF_002447515.1_ASM244751v1_genomic.fna.gz	NZ_CP023605.1:3948085-3949407	mycobacteria	215
196	GCF_002886225.1_ASM288622v1_genomic.fna.gz	NZ_CP025600.1:3119164-3120519	mycobacteria	215
197	GCF_002886225.1_ASM288622v1_genomic.fna.gz	NZ_CP025600.1:3121842-3123553	mycobacteria	215
8	GCF_002886225.1_ASM288622v1_genomic.fna.gz	NZ_CP025600.1:3740679-3741221	mycobacteria	215
198	GCF_002886225.1_ASM288622v1_genomic.fna.gz	NZ_CP025600.1:3948117-3949412	mycobacteria	215
199	GCF_002887335.1_ASM288733v1_genomic.fna.gz	NZ_CP025606.1:3119155-3120510	mycobacteria	215
200	GCF_002887335.1_ASM288733v1_genomic.fna.gz	NZ_CP025606.1:3121909-3123540	mycobacteria	215
8	GCF_002887335.1_ASM288733v1_genomic.fna.gz	NZ_CP025606.1:3740666-3741208	mycobacteria	215
201	GCF_002887335.1_ASM288733v1_genomic.fna.gz	NZ_CP025606.1:3948068-3949363	mycobacteria	215
202	GCF_002886165.1_ASM288616v1_genomic.fna.gz	NZ_CP025594.1:3119135-3120491	mycobacteria	842
203	GCF_002886165.1_ASM288616v1_genomic.fna.gz	NZ_CP025594.1:3121814-3123519	mycobacteria	842
8	GCF_002886165.1_ASM288616v1_genomic.fna.gz	NZ_CP025594.1:3740622-3741164	mycobacteria	842
9	GCF_002886165.1_ASM288616v1_genomic.fna.gz	NZ_CP025594.1:3948078-3948776	mycobacteria	842
65	GCF_002447415.1_ASM244741v1_genomic.fna.gz	NZ_CP023600.1:3119089-3120444	mycobacteria	215
66	GCF_002447415.1_ASM244741v1_genomic.fna.gz	NZ_CP023600.1:3121767-3123472	mycobacteria	215
8	GCF_002447415.1_ASM244741v1_genomic.fna.gz	NZ_CP023600.1:3740574-3741116	mycobacteria	215
42	GCF_002447415.1_ASM244741v1_genomic.fna.gz	NZ_CP023600.1:3947799-3948763	mycobacteria	215
1	GCF_002448135.1_ASM244813v1_genomic.fna.gz	NZ_CP023636.1:3119148-3120503	mycobacteria	215
2	GCF_002448135.1_ASM244813v1_genomic.fna.gz	NZ_CP023636.1:3121826-3123531	mycobacteria	215
8	GCF_002448135.1_ASM244813v1_genomic.fna.gz	NZ_CP023636.1:3740639-3741181	mycobacteria	215
19	GCF_002448135.1_ASM244813v1_genomic.fna.gz	NZ_CP023636.1:3948289-3949924	mycobacteria	215
15	GCF_003287185.1_ASM328718v1_genomic.fna.gz	NZ_CP019613.1:595441-596589	mycobacteria	276
26	GCF_003287185.1_ASM328718v1_genomic.fna.gz	NZ_CP019613.1:1213826-1214403	mycobacteria	276
204	GCF_003287185.1_ASM328718v1_genomic.fna.gz	NZ_CP019613.1:1425072-1426204	mycobacteria	276
1	GCF_002447755.1_ASM244775v1_genomic.fna.gz	NZ_CP023617.1:3119136-3120491	mycobacteria	215
2	GCF_002447755.1_ASM244775v1_genomic.fna.gz	NZ_CP023617.1:3121814-3123519	mycobacteria	215
8	GCF_002447755.1_ASM244775v1_genomic.fna.gz	NZ_CP023617.1:3740550-3741092	mycobacteria	215
19	GCF_002447755.1_ASM244775v1_genomic.fna.gz	NZ_CP023617.1:3948167-3949802	mycobacteria	215
46	GCF_005156105.1_ASM515610v1_genomic.fna.gz	NZ_CP039850.1:3052579-3054007	mycobacteria	268
31	GCF_005156105.1_ASM515610v1_genomic.fna.gz	NZ_CP039850.1:3055330-3057491	mycobacteria	268
1	GCF_002446975.1_ASM244697v1_genomic.fna.gz	NZ_CP023578.1:3118875-3120230	mycobacteria	215
2	GCF_002446975.1_ASM244697v1_genomic.fna.gz	NZ_CP023578.1:3121553-3123258	mycobacteria	215
205	GCF_002446975.1_ASM244697v1_genomic.fna.gz	NZ_CP023578.1:3947811-3949070	mycobacteria	215
1	GCF_001544705.1_ASM154470v1_genomic.fna.gz	NZ_CP010330.1:3128195-3129550	mycobacteria	215
2	GCF_001544705.1_ASM154470v1_genomic.fna.gz	NZ_CP010330.1:3130873-3132578	mycobacteria	215
206	GCF_001544705.1_ASM154470v1_genomic.fna.gz	NZ_CP010330.1:3957691-3959410	mycobacteria	215
1	GCF_002447555.1_ASM244755v1_genomic.fna.gz	NZ_CP023607.1:3118933-3120288	mycobacteria	215
207	GCF_002447555.1_ASM244755v1_genomic.fna.gz	NZ_CP023607.1:3121687-3123316	mycobacteria	215
8	GCF_002447555.1_ASM244755v1_genomic.fna.gz	NZ_CP023607.1:3740364-3740906	mycobacteria	215
208	GCF_002447555.1_ASM244755v1_genomic.fna.gz	NZ_CP023607.1:3947969-3949604	mycobacteria	215
1	GCF_002448075.1_ASM244807v1_genomic.fna.gz	NZ_CP023633.1:3118976-3120331	mycobacteria	215
2	GCF_002448075.1_ASM244807v1_genomic.fna.gz	NZ_CP023633.1:3121654-3123359	mycobacteria	215
8	GCF_002448075.1_ASM244807v1_genomic.fna.gz	NZ_CP023633.1:3740444-3740986	mycobacteria	215
42	GCF_002448075.1_ASM244807v1_genomic.fna.gz	NZ_CP023633.1:3947651-3948615	mycobacteria	215
1	GCF_002447615.1_ASM244761v1_genomic.fna.gz	NZ_CP023610.1:3119052-3120407	mycobacteria	-
2	GCF_002447615.1_ASM244761v1_genomic.fna.gz	NZ_CP023610.1:3121730-3123435	mycobacteria	-
8	GCF_002447615.1_ASM244761v1_genomic.fna.gz	NZ_CP023610.1:3740530-3741072	mycobacteria	-
6	GCF_002447615.1_ASM244761v1_genomic.fna.gz	NZ_CP023610.1:3947973-3949295	mycobacteria	-
209	GCF_002886945.1_ASM288694v1_genomic.fna.gz	NZ_CP025596.1:3119086-3120440	mycobacteria	215
210	GCF_002886945.1_ASM288694v1_genomic.fna.gz	NZ_CP025596.1:3121763-3123470	mycobacteria	215
8	GCF_002886945.1_ASM288694v1_genomic.fna.gz	NZ_CP025596.1:3740597-3741139	mycobacteria	215
211	GCF_002886945.1_ASM288694v1_genomic.fna.gz	NZ_CP025596.1:3948259-3948766	mycobacteria	215
132	GCF_000154585.2_ASM15458v2_genomic.fna.gz	NC_016768.1:1290203-1291772	mycobacteria	279
133	GCF_000154585.2_ASM15458v2_genomic.fna.gz	NC_016768.1:1293135-1294416	mycobacteria	279
14	GCF_000154585.2_ASM15458v2_genomic.fna.gz	NC_016768.1:3733201-3734049	mycobacteria	279
212	GCF_002886775.1_ASM288677v1_genomic.fna.gz	NZ_CP025603.1:3119161-3120516	mycobacteria	215
213	GCF_002886775.1_ASM288677v1_genomic.fna.gz	NZ_CP025603.1:3121915-3123548	mycobacteria	215
214	GCF_002886775.1_ASM288677v1_genomic.fna.gz	NZ_CP025603.1:3948344-3949979	mycobacteria	215
1	GCF_002447715.1_ASM244771v1_genomic.fna.gz	NZ_CP023615.1:3119066-3120421	mycobacteria	215
2	GCF_002447715.1_ASM244771v1_genomic.fna.gz	NZ_CP023615.1:3121744-3123449	mycobacteria	215
19	GCF_002447715.1_ASM244771v1_genomic.fna.gz	NZ_CP023615.1:3948227-3949862	mycobacteria	215
1	GCF_002446935.1_ASM244693v1_genomic.fna.gz	NZ_CP023576.1:3118911-3120266	mycobacteria	277
2	GCF_002446935.1_ASM244693v1_genomic.fna.gz	NZ_CP023576.1:3121589-3123294	mycobacteria	277
8	GCF_002446935.1_ASM244693v1_genomic.fna.gz	NZ_CP023576.1:3740395-3740937	mycobacteria	277
19	GCF_002446935.1_ASM244693v1_genomic.fna.gz	NZ_CP023576.1:3948039-3949674	mycobacteria	277
1	GCF_002448175.1_ASM244817v1_genomic.fna.gz	NZ_CP023638.1:3118969-3120324	mycobacteria	279
2	GCF_002448175.1_ASM244817v1_genomic.fna.gz	NZ_CP023638.1:3121647-3123352	mycobacteria	279
19	GCF_002448175.1_ASM244817v1_genomic.fna.gz	NZ_CP023638.1:3948143-3949778	mycobacteria	279
1	GCF_002447455.1_ASM244745v1_genomic.fna.gz	NZ_CP023602.1:3119089-3120444	mycobacteria	215
2	GCF_002447455.1_ASM244745v1_genomic.fna.gz	NZ_CP023602.1:3121767-3123472	mycobacteria	215
42	GCF_002447455.1_ASM244745v1_genomic.fna.gz	NZ_CP023602.1:3947777-3948741	mycobacteria	215
